UniqueCount	AmbigCount
44	0
315	0
57	11
134	0
63	0
115	6
133	0
22	0
389	0
8	0
270	0
37	0
29	0
57	0
50	0
9	2
23	0
0	22
75	77
75	0
32	3
7	5
418	105
46	0
3	0
0	1
96	0
0	7
3	1
96	0
39	0
0	20
6	31
0	3983
55	0
44	0
17	1
21	0
4	0
84	0
504	10
2	31
172	0
25	0
49	0
20	0
45	0
2021	362
12	1
19	0
38	40
48	0
77	0
10	38
190	0
11	0
23	0
2	9
108	0
203	0
61	0
319	27
200	0
133	0
29	0
6	15
29	0
61	0
74	0
783	44
3	18
64	0
357	0
1023	0
18	51
17	0
0	0
84	0
103	0
193	1491
433	0
91	15
11	0
0	0
272	0
255	0
14	0
18	3
0	919
53	89
70	0
53	19
14	0
91	0
97	0
22	0
5	124
27	904
22	0
55	0
95	0
0	0
57	0
398	515
88	0
18	0
0	5
44	0
28	0
36	0
228	0
48	40
27	0
12	15
24	0
24	0
443	0
13	0
8	6
57	0
245	0
219	0
0	2146
812	83
49	107
35	0
157	2
124	0
87	0
95	0
120	0
63	0
1	0
16	0
91	245
45	0
105	0
124	0
151	0
89	0
95	0
17	4
161	0
267	5
425	0
120	0
8	102
34	36
143	0
96	0
50	3
66	0
9	0
182	0
97	139
8	29
57	4
92	0
88	0
40	0
4	0
2	0
6445	0
145	0
382	0
126	0
37	0
110	0
27	0
52	0
0	54
276	0
59	0
24	0
37	0
269	0
385	0
55	0
69	0
21	18
97	13
36	0
27	0
0	7
77	0
32	0
29	17
221	0
34	0
34	0
667	0
74	11
175	0
25	6
83	0
1263	0
836	0
37	0
237	0
122	0
15	0
238	0
31	0
52	0
40	0
105	0
116	0
197	0
49	0
0	3466
383	0
32	0
192	0
78	0
35	0
159	0
19	0
111	0
67	0
1	35
32	0
3	0
1073	0
0	0
8	8
1325	0
30	0
41	0
225	0
476	0
25	0
29	0
63	0
290	0
90	0
37	0
149	0
63	0
2	2
183	0
39	0
23	0
0	167
12	0
16	0
98	0
509	104
250	0
60	0
229	20
2	8
307	50
183	0
26	0
99	0
210	0
248	0
113	0
133	0
60	2
6	40
30	0
34	0
264	0
208	0
26	0
68	0
27	0
57	0
76	0
32	0
0	282
104	0
95	0
15	0
509	0
75	0
0	5
70	0
320	0
80	0
19	0
53	248
0	6674
17	1
32	0
76	0
96	0
27	0
99	0
495	0
383	0
28	0
18	0
60	7
0	11
33	0
277	0
1445	0
3	0
291	0
9	0
155	0
91	0
100	0
3	15
203	640
507	0
13	27
676	463
25	0
35	0
2	0
0	0
49	0
52	0
46	0
772	0
1	0
39	0
1	0
310	120
4	0
39	0
302	0
0	4
75	0
2	0
32	0
27	0
64	22
201	0
29	0
13	0
17	0
63	0
69	0
164	0
40	0
54	0
247	0
28	0
133	0
126	0
65	0
14	0
44	0
19	0
9	0
75	0
8	0
1	2
0	11
98	6
0	1
23	0
0	19
97	0
200	0
47	0
570	0
59	0
54	19
178	119
30	0
0	0
24	0
31	0
44	0
4	3
25	0
69	0
293	0
96	0
32	0
103	0
92	24
33	0
58	0
75	0
23	0
34	2
132	0
390	0
188	29
97	0
0	2
39	0
8	0
370	0
10	0
0	11
53	0
18	0
119	0
8	0
474	0
26	0
37	23
164	0
54	0
44	0
25	0
679	0
89	0
198	0
0	0
367	13
86	0
710	0
0	0
35	0
28	0
22	0
75	0
12	0
150	4
123	0
36	0
87	0
14	226
9	36
236	0
4	0
556	0
206	0
76	0
305	0
0	5
240	0
34	0
129	181
60	0
37	0
264	0
118	0
215	0
529	1
422	0
3	14
37	0
14	0
3	22
1	0
46	0
150	0
122	0
170	0
442	0
3	16
89	0
107	0
1	2
0	0
143	0
3	0
269	0
53	0
147	0
76	0
18	0
41	0
208	0
12	0
22	0
0	0
70	0
76	0
147	0
0	0
312	0
8	17
19	0
116	0
0	25
480	0
39	0
48	0
46	0
8	0
0	12
29	0
25	0
338	0
9	323
46	0
23	0
27	0
77	0
109	0
0	8965
114	24
31	16
2	0
103	0
2	12
52	0
43	0
431	0
127	0
59	0
121	0
25	0
54	0
1	0
36	0
9	1
100	0
119	0
49	0
283	0
6	0
30	44
15	27
131	0
4	1
129	0
187	0
0	25
0	13
34	0
150	7
145	0
14	0
38	0
137	0
2	0
68	0
41	0
609	0
832	0
570	43
177	0
29	0
161	0
182	0
0	0
81	0
36	134
206	0
108	35
0	11
86	0
14	0
0	0
58	0
27	0
117	0
43	0
117	0
0	0
2	0
161	1
0	0
82	0
464	0
223	74
93	8
63	0
133	5
18	25
1	0
23	0
171	0
0	0
43	18
47	0
44	33
1	0
6614	6
145	0
2351	0
142	0
114	0
38	119
225	0
37	0
91	0
116	0
60	0
90	17
1	0
142	0
73	5
198	0
264	8
150	0
61	0
2	0
28	0
76	0
57	0
86	0
699	0
13	0
59	0
420	0
60	0
19	0
135	0
0	29
408	0
2	0
164	0
116	0
185	0
7	0
4	9
62	0
22	24
131	5
17	0
43	36
193	0
48	0
310	0
27	0
72	0
112	20
38	9
118	0
45	0
109	0
236	0
39	0
7	0
54	0
114	0
154	48
25	0
65	18
111	0
34	0
5188	0
0	10
321	0
46	0
42	0
19	0
70	0
24	0
156	0
16	0
53	0
9	0
49	0
40	0
109	0
11	5
0	0
15	0
43	0
196	0
75	0
56	0
9	0
1	16
286	0
9	53
54	0
55	0
209	0
116	70
369	0
55	9
70	0
191	0
0	807
392	0
95	0
115	0
6	0
105	0
4	0
100	0
64	0
23	0
4	1
726	3
471	0
58	0
156	0
114	0
1330	0
44	0
0	0
149	0
4	0
7	10
98	0
472	0
2	10
69	0
136	0
25	0
263	0
131	0
20	465
23	0
483	0
84	0
25	2
60	0
175	0
26	0
50	18
505	0
45	0
40	0
0	12
0	6
75	8
4	6
114	35
212	0
250	2
14	20
7	0
3	1
1	0
66	0
49	0
40	0
11	0
0	945
62	0
221	0
69	0
133	0
91	308
46	0
494	0
714	0
59	0
73	0
151	5
26	0
66	0
24	0
67	139
23	0
163	15
61	2
158	0
517	0
46	0
74	0
0	27
90	6
82	13
147	0
0	0
121	0
217	0
59	0
595	0
27	0
39	0
203	0
59	0
249	0
40	18
32	0
180	0
29	0
64	0
6	0
389	0
81	0
30	0
0	7
0	364
0	2
6	0
234	54
166	0
93	0
2419	12
0	2
69	40
23	0
280	7
171	0
21	0
61	0
13	0
35	0
1	2
63	10
98	1634
85	0
141	0
30	7
28	0
101	0
132	0
176	0
66	0
9	16
9	0
144	0
21	0
120	39
97	0
136	27
110	16
351	0
126	27
6	0
20	0
17	4
180	0
399	0
86	0
220	11
0	14
0	0
0	0
43	0
77	0
0	1
30	0
4	0
39	0
66	45
67	0
49	0
37	0
608	0
31	0
55	0
36	0
1504	0
123	0
89	0
15	120
62	0
81	0
14	7
117	0
0	10
52	0
1	12
438	0
2	0
29	0
185	0
24	3
212	0
9	0
15	0
23	0
257	13
83	67
10	0
172	0
75	0
7	1
200	0
368	0
71	0
151	0
25	33
47	0
51	0
174	0
4159	0
61	0
49	0
91	0
116	0
99	472
37	74
16	0
309	0
64	0
339	0
100	0
21	0
0	0
0	4
109	0
122	0
12	0
838	0
1	28
50	0
19	103
263	0
116	45
24	0
402	0
56	0
23	0
102	0
95	0
0	50
210	0
59	0
239	0
107	0
102	0
22	0
0	1
12	0
25	0
92	0
133	0
52	0
376	0
18	0
4	20
169	0
71	0
46	0
243	0
65	0
80	0
27	0
9	0
45	0
108	0
52	0
36	0
2	7
15	0
52	0
274	0
70	9
1341	16317
1	1
39	0
81	7
54	0
12	0
41	0
71	1
0	5
60	0
25	0
296	0
106	0
35	0
134	0
123	0
73	0
55	0
498	0
99	0
107	0
1	2
245	0
430	6
8	0
0	46
83	0
2	25
8	0
45	0
114	0
131	0
38	0
1	18
40	0
94	0
110	0
126	0
113	0
48	0
33	0
683	0
81	0
29	0
16	0
104	0
19	0
48	0
95	0
106	0
62	0
96	3
121	0
19	0
120	0
48	43
2	1
49	0
110	0
175	0
134	0
3	0
41	12
89	0
200	0
21	0
41	0
92	0
217	0
12	0
289	0
68	0
206	0
31	0
11	0
111	22
27	0
76	0
0	61
266	0
69	0
203	6
772	0
109	0
21	0
147	28
60	0
42	0
0	0
31	0
96	0
56	0
2053	0
282	0
24	0
129	0
45	0
0	4422
33	0
170	0
1	4
351	0
134	0
129	0
18	6
52	0
27	0
15	0
111	0
94	0
1	0
22	0
207	0
84	0
9	0
185	0
21	10
98	0
475	0
38	0
1778	0
58	0
143	0
28	0
205	0
0	9
13	4
25	0
63	0
0	0
346	0
148	0
37	0
0	4
1	39
43	2
1	10
202	0
53	0
27	4
3	0
52	0
21	0
50	0
25	0
60	0
335	0
7	0
283	0
0	1
6	0
18	0
78	0
19	0
32	0
53	0
89	0
8	0
311	0
54	0
1	6
44	0
88	0
120	0
13	6
950	0
111	0
50	0
83	0
15	0
1	8
18	5
8	0
894	0
44	0
47	39
21	484
312	20
227	1
75	0
8	0
95	0
0	0
73	0
21	0
91	0
45	0
216	0
58	0
21	0
39	0
18	0
46	0
51	0
20	0
36	0
2	0
71	0
4	15
140	44
0	16
13	0
39	0
0	10
102	0
16	0
7	0
113	0
108	0
72	0
15	0
40	0
3	54
0	4098
146	12
101	0
21	0
102	0
65	15
117	0
23	31
5	0
20	8
349	0
56	0
163	0
5	21
27	0
74	0
70	0
67	0
56	0
2	34
38	0
374	0
41	0
140	0
87	0
65	0
612	0
1000	0
24	0
203	0
544	0
7	0
27	35
41	0
237	8
34	0
78	0
23	0
87	0
21	0
71	0
60	0
0	3
99	0
19	0
58	0
94	0
62	0
0	0
63	0
7	0
9	0
0	0
179	0
14	10
83	82
83	22
136	0
62	0
216	0
23	0
28	0
110	0
1	0
31	0
38	0
11	0
34	0
158	0
107	0
1	26
34	0
1820	0
1	11
1	13
114	0
9	0
8	0
1910	3156
8	7
97	1
24	0
42	0
33	0
234	70
141	0
79	0
100	15
9	3055
99	0
63	0
51	0
66	0
68	0
93	0
69	0
166	0
236	8106
31	0
26	0
88	0
3	0
80	0
112	0
26	0
115	0
27	1
296	0
77	0
85	0
158	0
38	102
9	0
19	0
124	59
42	0
28	0
12	17
236	0
128	0
58	0
6	0
107	0
20	16
619	0
62	0
139	0
62	0
76	0
55	0
30	4
117	0
19	0
13	0
98	0
44	214
22	0
12	0
18	71
16	0
108	0
139	0
10	0
23	0
4	0
0	0
258	0
1	4486
252	0
50	0
27	0
168	0
22	0
633	0
10	0
0	0
0	21
34	49
47	0
125	0
491	0
495	0
13	0
309	0
0	0
58	0
135	0
58	0
35	0
105	0
114	0
0	16
83	0
35	0
0	0
167	0
206	0
4744	0
45	0
12	9
116	18
65	49
72	0
113	0
139	0
164	0
39	0
5	0
18	0
747	0
2	3
14	0
27	0
93	0
154	0
18	0
56	0
180	0
17	0
1	9
99	0
44	0
331	0
14	1
380	0
158	0
41	3
148	0
25	0
167	0
67	0
2	3
451	117
99	0
183	0
189	17
14	0
132	0
3	30
190	0
27	0
32	7
127	0
4	0
0	8
171	0
197	0
311	0
74	0
46	0
160	0
30	0
7	16
3	10
117	0
151	5
158	0
105	30
273	23
13	0
35	1378
0	4
26	0
1	0
105	0
97	0
64	0
11	3
399	0
23	0
195	0
72	0
28	0
64	0
306	0
13	0
126	0
334	0
17	0
68	0
0	4381
98	0
15	2
32	0
2	0
143	0
11	0
459	0
0	0
217	0
76	0
60	0
296	0
108	1
914	0
1965	0
43	2
359	0
43	0
81	0
62	0
1187	0
11	5
5	15
33	0
37	0
75	0
43	0
387	2
182	0
6	21
119	0
65	0
14	0
254	0
125	0
35	0
21	0
108	0
69	0
452	0
50	0
17	0
24	0
31	71
46	0
27	0
92	0
78	0
51	0
101	0
38	0
119	17
0	0
15	0
0	2
274	0
152	0
139	0
7	0
46	1
1	0
10	0
140	0
32	0
1	0
61	0
427	0
713	0
35	0
39	0
116	0
7	0
118	0
7	1
1	4
140	0
147	0
335	0
39	61
0	0
103	0
70	0
150	0
308	353
68	0
15	0
50	0
234	2
36	0
5	0
329	0
2411	0
0	8
52	0
173	0
91	0
480	0
2	0
40	0
0	18
7	0
35	0
75	0
30	0
170	0
102	0
0	11
37	0
54	0
75	0
145	41
182	0
4	28
60	0
23	0
850	0
24	0
42	0
352	0
239	2176
1	0
44	0
147	0
0	16
25	0
130	0
25	0
66	0
387	0
49	0
71	0
91	2
1	22
51	0
76	0
15	0
94	0
451	0
235	0
124	0
0	0
53	0
93	0
0	1
22	0
83	0
262	0
68	54
22	0
39	0
18	0
0	938
448	0
100	0
24	0
18	0
35	4
27	7
358	0
88	0
0	8
174	0
107	0
131	0
91	0
69	0
84	0
171	0
815	0
145	0
670	0
0	0
72	0
92	0
319	0
380	0
3	0
92	0
157	0
49	0
46	0
170	0
267	0
75	0
41	0
15	0
27	0
16	0
0	4039
9	0
1	0
53	0
12	0
41	0
70	0
0	203
113	0
2167	0
11	0
1490	0
63	0
0	0
67	0
507	31
2	27
160	0
55	0
102	0
124	0
78	0
37	0
16	74
2	3
25	0
335	0
14	14
99	128
0	0
38	0
0	15
3	0
41	34
4042	0
627	0
555	0
73	0
0	0
8	0
98	0
396	0
3	0
240	0
225	0
68	0
360	0
69	0
188	45
59	0
176	0
38	0
49	0
266	0
445	198
43	0
480	0
398	293
22	0
361	0
99	0
206	0
61	0
189	0
111	0
31	0
29	0
109	0
174	220
31	0
43	0
101	0
105	0
60	0
582	0
165	0
243	2
114	0
450	0
46	0
328	0
111	0
153	0
28	0
14	0
17	0
237	25
142	0
93	0
89	0
145	0
29	21
69	0
16	0
90	0
27	0
132	18
83	0
316	0
0	60
464	0
55	0
2	11
27	0
22	0
895	12
626	0
1	23
25	0
59	1
1	0
212	11
8	0
10	0
47	0
25	0
203	0
62	0
46	0
242	0
567	0
97	0
13	0
154	0
142	0
496	0
55	0
49	0
83	0
53	0
163	0
16	57
75	0
1	0
36	0
77	72
14	0
158	0
56	0
0	115
65	0
68	0
124	0
63	0
125	0
125	0
53	0
339	0
74	0
1	0
328	0
12	0
324	91
291	103
4353	12
0	3
100	0
116	0
47	0
24	0
1229	0
171	264
115	0
214	0
0	124
0	20
39	0
501	0
35	0
29	0
0	0
65	0
53	0
0	8
144	0
11	38
5	12
43	0
220	0
59	0
475	0
100	0
0	0
23	0
55	0
85	0
248	0
12	0
27	0
173	0
288	0
70	0
8	0
18	51
24	0
66	308
51	0
302	0
70	0
191	0
116	0
40	0
188	0
453	0
76	0
348	0
20	0
472	0
438	103
131	0
217	0
68	0
27	0
0	30
75	0
89	16
26	0
2	20
101	0
119	0
114	0
43	0
82	0
3	11
5	0
4	0
147	0
216	0
52	0
53	0
34	92
9	0
1	1
522	0
399	0
0	3
218	0
51	0
41	0
14	0
90	0
98	0
1	0
33	0
42	0
31	0
24	0
94	0
126	0
38	0
10	231
202	0
204	0
82	0
2	27
14	0
237	0
54	0
81	0
936	0
42	0
14	0
91	0
60	0
5	0
158	27
8	0
62	0
0	1
0	31
34	0
0	24
27	0
24	0
55	0
4	10
89	25
78	40
5	0
216	0
229	0
72	0
10	174
46	10
161	0
72	0
158	0
1323	0
19	0
102	0
91	0
220	0
82	0
22	0
22	0
84	0
45	0
603	46
250	40
4649	0
43	0
0	29
178	0
59	0
9	0
85	0
27	0
37	0
5	0
171	39
188	0
38	0
14	44
151	0
33	0
20	0
4	0
2	30
68	0
1	6
17	5
108	0
50	2
63	1393
113	0
0	2
0	178
97	0
138	0
108	0
29	23
1	0
217	0
7	0
17	0
269	12
65	0
93	0
8	0
96	0
0	4
34	0
291	0
29	0
142	0
285	102
82	0
3	0
93	91
23	0
67	0
0	0
188	0
638	0
180	0
131	0
44	0
12	4
33	0
19	0
19	0
0	15
175	0
123	0
94	0
76	0
105	0
3	0
4	4
0	6
60	0
82	0
1224	0
73	0
74	0
521	0
237	0
2	40
60	0
21	0
158	0
103	0
154	0
224	0
0	0
202	0
2	9
24	0
75	0
24	0
27	0
29	0
427	16
3	0
3	9
20	0
53	0
1	3
213	84
44	0
302	0
45	0
87	0
136	0
19	0
48	0
45	0
0	0
86	0
0	6
69	0
146	8
123	0
1	0
7	0
29	0
83	245
0	857
164	0
0	25
159	0
143	0
68	0
171	0
222	0
3	7
67	0
75	0
0	17
96	0
874	0
1	3
0	21
55	0
45	0
87	0
0	149
59	0
114	0
66	0
25	425
0	9
65	0
26	0
0	0
167	0
33	0
109	0
20	12
0	23
161	0
114	0
54	5
82	0
78	0
249	0
14	0
26	0
209	0
24	0
341	0
70	0
246	0
51	0
114	0
559	0
203	0
110	0
0	10
73	0
278	0
8	1
612	0
58	0
30	0
7	0
172	0
1528	0
119	0
97	0
62	0
9	0
30	0
129	0
36	0
262	0
48	0
119	0
12	0
50	0
36	0
42	0
444	0
246	0
58	0
41	10
16	33
56	0
41	0
70	0
151	0
130	0
0	0
77	0
0	11
36	0
244	0
9	0
37	23
170	0
24	0
11	0
0	0
386	0
5	0
45	2
36	0
55	0
10	0
122	0
60	2
1	0
49	0
1	0
35	0
288	0
36	11
0	0
19	0
0	0
321	0
101	0
60	0
120	0
82	0
126	0
19	0
82	0
29906	13144
190	0
86	7
128	0
1	18
12	17
610	0
7	0
54	0
48	0
534	0
120	0
48	0
6149	0
113	0
1239	0
69	0
34	0
79	0
27	0
16	0
1	4
585	0
5	0
83	0
187	0
33	0
563	0
20	1
54	0
103	0
383	0
227	0
387	0
1	20
40	0
37	0
59	0
14	3
59	0
105	0
63	0
29	91
93	0
7	0
0	33
806	0
40	2940
126	0
49	0
51	0
64	0
92	0
123	0
55	0
33	0
13	0
5	0
49	0
188	0
75	0
858	0
133	0
73	0
27	0
63	0
447	21
148	21
76	0
5	0
393	39
26	0
57	0
45	0
4	2
15	0
119	0
32	0
39	15
109	0
6	0
373	0
11	107
95	0
108	54
230	83
15	0
32	0
20	70
34	0
0	23
30	896
0	1
53	0
8	24
1	0
96	0
57	0
17	0
39	0
19	0
40	0
4	8
31	7
3	0
37	0
29	0
50	1
9	0
423	0
98	0
1	31
404	0
16	0
11	20
1	0
654	0
148	0
7	0
44	7
9	3
1230	0
98	0
43	0
15	0
332	0
13	4
81	17
141	0
40	0
187	163
46	0
18	0
0	0
0	7
7	0
47	0
176	0
63	0
47	0
73	0
51	6
13	0
77	0
320	15
29	0
77	0
1	13
73	0
87	0
141	0
83	0
63	0
72	0
35	0
26	0
9	110
329	0
90	0
34	0
76	0
100	5
149	0
148	0
9	264
38	0
86	0
34	0
0	0
63	0
34	0
84	0
27	0
23	0
203	0
76	0
78	0
35	0
32	0
86	0
215	0
5	10
115	0
12	6
69	4
25	4
0	0
98	0
121	0
23	11
570	0
32	0
189	0
53	0
16	0
37	0
59	0
132	0
45	0
392	0
0	0
23	0
77	213
120	0
38	0
155	13
3	4
12	0
1	14
131	0
1826	0
52	0
3	0
69	0
266	0
143	0
90	0
134	0
35	4
15	0
162	0
356	0
1	8106
4	46
74	0
403	88
242	0
412	0
20	0
5	8
4	0
35	0
324	13
41	0
117	0
0	35
369	0
132	0
256	0
82	0
95	0
448	0
653	25
158	0
1	20
39	0
9	0
107	0
49	0
5	0
1568	0
1337	0
1	10
0	412
74	0
49	0
4	66
52	0
10730	523
0	88
38	0
4	0
71	0
123	0
51	0
73	0
218	0
4	20
134	0
116	0
72	0
370	0
91	0
3	0
12	0
35	0
3	0
34	0
482	0
41	0
15	0
144	0
198	3
667	0
562	0
42	0
141	0
270	0
10	0
69	0
115	0
0	0
138	0
104	0
143	0
81	0
50	0
57	0
20	11
28	9
61	0
2	0
2639	3720
163	0
12	0
225	0
362	2
11	0
44	0
96	201
14	0
30	0
38	0
165	0
265	0
63	0
22	0
348	77
4	27
22	0
68	104
101	0
208	37
384	0
162	0
28	0
210	0
57	0
647	54
132	0
191	5
26	0
82	0
13	0
267	0
297	0
22	282
31	0
0	117
58	0
617	0
5	4
0	10
3069	0
122	0
175	0
55	0
634	0
27	0
139	0
251	1
129	0
62	0
71	0
40	0
82	163
191	0
0	0
13	0
65	0
262	137
773	0
688	0
102	0
0	5
61	0
40	0
410	0
21	0
213	0
92	0
91	0
8	33
29	0
78	0
186	0
54	0
84	0
70	0
1	0
56	0
0	205
71	0
36	0
20	0
36	0
153	4
109	0
31	3
21	0
10	27
33	0
32	0
78	0
66	0
49	0
0	7
0	0
734	0
0	0
52	0
7	2
13	0
83	0
67	0
20	0
465	0
31	0
14	0
0	1329
504	0
41	3
44	0
113	0
1	24
52	0
25	0
157	0
33	0
0	0
37	0
28	0
561	0
0	25
3	3
32	0
48	0
83	0
64	0
58	0
211	0
53	0
247	0
70	0
33	0
69	0
103	112
61	0
9	0
311	6
111	0
44	0
397	0
0	0
60	0
289	0
0	0
74	61
114	0
55	0
1	1
17	2
161	0
351	250
56	0
59	0
18	0
22	0
158	0
192	0
935	0
161	0
294	0
418	0
89	0
89	0
236	0
37	0
26	0
19	0
203	0
84	0
122	0
68	0
16	0
136	0
16	0
57	0
1	2
32	0
13	0
67	2
182	0
223	31
74	0
139	0
149	0
116	2
0	13
6	27
101	0
497	0
3	23
129	0
66	0
41	0
0	0
97	0
17	1
0	6
34	0
819	0
21	245
584	0
44	0
53	0
12	0
43	0
106	0
10	0
77	0
2	38
21	0
42	0
3	0
86	0
2	17
1	10
237	0
35	0
70	0
195	0
0	10
90	0
91	0
460	0
204	0
372	0
10	1
85	0
89	0
91	0
171	46
132	15
0	0
22	0
1	0
225	0
46	0
127	0
105	0
17	0
181	0
32	0
61	0
84	0
11	0
25	0
3	0
59	0
26	13
28	0
4	40
124	0
94	0
203	0
0	0
5	0
134	10
64	0
176	0
117	17
52	17
89	0
20	0
144	0
174	0
452	0
42	0
97	0
6	0
141	0
42	0
31	0
64	0
44	0
49	0
33	0
177	0
223	0
5	10
0	61
105	0
96	0
6	0
49	0
28	35
146	0
39	0
35	0
5	273
59	1
83	0
96	0
52	0
78	0
456	0
42	0
13	0
42	0
255	0
766	0
153	32
411	0
83	0
131	0
267	0
130	0
61	0
106	22
54	0
49	0
0	103148
10	0
8	0
18	0
0	2
376	0
2040	0
73	0
6	96
45	0
1	4
9	0
282	0
106	0
8	0
113	0
208	0
122	0
0	4
48	0
194	85
31	0
109	0
159	0
3	2
60	0
140	0
168	102
332	0
64	0
25	0
54	0
131	277
113	14
182	9
9	0
61	0
45	0
4	50
104	0
1	0
78	0
71	0
25	0
70	0
120	0
557	0
39	0
274	0
95	0
234	0
353	20
0	22
32	0
57	0
67	0
63	0
92	0
63	0
62	0
127	2
139	134
9	0
78	0
73	0
33	0
82	0
0	10
280	276
51	0
96	0
95	0
122	0
3	0
415	0
100	0
299	0
42	0
187	0
122	0
54	36
33	0
253	0
44	0
593	0
9	2
1903	0
67	1
367	0
60	0
79	0
156	0
2	182
218	0
36	17
590	0
204	53
88	0
2	0
84	0
46	0
95	0
92	0
1035	0
0	5
28	0
140	0
20	0
8	0
110	0
59	0
2	1
133	0
5086	0
17	0
417	0
145	0
98	0
10	0
18	0
11	0
157	0
69	0
41	0
616	0
189	0
28	6
41	0
77	0
354	0
30	0
0	323
47	0
144	4
112	0
161	0
297	0
0	791
22	0
509	0
13	0
96	0
117	0
141	0
92	0
25	0
62	0
0	27
770	0
134	0
12	41
126	0
430	0
67	0
45	0
70	0
1412	0
1	2
182	0
11	0
23	0
148	0
96	0
28	0
1	13
284	0
493	353
22	0
1173	0
25	0
23	0
80	0
85	0
228	12
375	0
51	0
237	8
289	0
100	0
181	0
116	0
25	0
0	0
193	0
39	0
748	0
0	1001
2	34
121	0
2	0
10	15
0	18
38	0
45	0
134	0
2779	88
59	34
113	0
49	0
1	43
67	0
152	0
28	19
93	0
98	0
147	0
986	0
57	0
15	0
28	0
54	0
135	0
460	0
11	0
19	0
69	0
0	788
0	3
33	0
64	0
21	0
19	0
1089	0
3	80
14	0
118	0
72	0
357	0
80	11
140	0
189	0
22	27
92	0
9	0
60	0
85	0
16	0
111	8
33	0
137	0
90	0
116	0
65	0
11	0
38	0
52	0
109	0
0	4
5	0
4	20
29	72
60	0
3	42
1258	0
3	0
60	0
0	6
295	0
7	2
35	0
105	472
3	2
518	28
28	0
111	0
602	0
21	0
41	0
32	0
368	0
87	0
74	0
0	5
2	0
184	0
42	0
148	6
13	5
3	11
27	0
0	20
137	0
48	0
129	0
29	0
0	0
382	0
41	0
0	96
73	0
458	0
57	0
115	0
95	0
83	0
42	0
56	0
154	0
35	3
129	0
61	0
172	0
245	0
324	54
71	0
319	8
108	0
11	0
15	83
392	94
1368	0
148	0
83	0
12	156
16	0
13	83
152	13
55	0
241	0
389	0
134	0
137	10
70	0
109	0
28	0
224	0
0	2
14	0
11	0
15	0
80	0
34	0
188	0
128	0
69	23
45	0
58	0
41	13
92	0
184	0
70	0
21	0
152	0
38	0
93	0
37	0
47	0
35	29
7	0
141	0
29	0
42	0
43	0
356	0
1	20
88	0
39	0
24	0
21	18
48	0
395	0
52	0
15	0
67	39
19	0
9	54
11	0
43	0
629	0
20	0
7	8
6	0
2	1
24	25
59	0
76	0
396	947
220	0
2	0
42	29
12	0
720	0
2	0
72	0
501	0
55	0
43	0
393	0
372	0
287	85
101	0
323	0
70	0
50	0
66	0
7	0
45	0
2	5
78	0
0	0
139	0
46	0
109	0
239	0
40	0
282	0
119	0
26	0
0	27
323	0
69	32
22	0
21	0
4	0
171	0
18	847
10	0
0	1
27	0
129	0
82	0
31	0
369	0
7	15
14	0
84	0
208	0
179	0
29	0
372	0
0	0
80	0
171	30
117	0
501	0
5	36
105	0
33	0
33	0
39	0
378	0
91	0
0	0
78	0
93	35
32	6
23	0
106	0
137	0
0	5
93	0
29	87
4	0
31	0
359	0
15	0
70	0
194	0
533	0
8	0
129	0
26	0
44	0
153	0
261	0
0	0
50	0
91	0
12	0
37	0
27	0
227	0
16	0
337	23
8	32
44	0
31	0
44	0
4	7
281	0
359	0
90	0
179	0
69	0
0	0
56	0
137	0
78	0
259	0
1	0
8	0
89	0
16	0
35	8
32	11
1	9
107	0
5	0
1	2
33	0
151	0
0	5
66	0
29	0
0	138
321	0
31	0
18	0
69	0
25	0
2476	0
45	9
110	0
277	0
10	0
2	5
281	0
27	0
35	0
497	0
36	0
24	0
226	7
93	74
138	0
18	0
21	12
13	0
1	0
0	0
0	11
133	0
70	0
173	0
75	0
121	0
26	68
43	0
93	0
82	0
81	0
12	30
86	1
104	0
0	12
0	13
45	0
23	19
295	0
52	0
149	0
103	0
0	1
908	0
0	176
30	0
234	0
615	0
120	0
16	0
37	0
633	22
62	0
98	0
18	0
61	6
0	1
57	0
56	0
5	0
77	0
96	0
49	0
59	0
134	0
180	0
98	2
14	0
1	15
82	6
59	0
60	0
146	0
290	7
63	0
119	0
71	0
0	0
183	163
53	0
152	40
66	0
364	0
127	0
351	0
371	0
22	0
13	0
24	0
0	0
16	0
58	0
92	0
126	0
51	0
41	0
35	0
61	0
177	64
233	0
122	0
23	0
1	8
477	0
28	0
139	0
216	0
37	0
52	0
123	0
29	0
18	0
16	18
273	0
268	0
330	0
2	4
29	0
103	0
322	0
138	0
29	0
7	0
11	0
19	3
211	178
418	0
2	12
3	0
26	0
676	0
12	0
119	0
0	0
134	0
25	0
0	747
76	0
37	0
37	29
6	0
0	0
74	0
45	0
124	0
436	0
44	0
204	0
154	78
337	0
10	2037
16	0
1189	0
86	0
26	0
50	1
0	0
73	0
74	0
373	0
30	0
32	0
475	932
141	0
13	0
63	0
75	0
625	2445
396	0
142	15
39	0
19	0
0	0
0	137
17	0
21	7
29	0
1	7
3	0
236	0
35	0
78	0
54	0
125	0
29	0
95	0
33	0
82	0
9	0
106	0
50	0
43	0
111	11
50	0
48	46
197	0
43	0
0	15
83	0
142	0
1	0
321	0
50	0
115	558
479	0
375	0
187	0
29	0
101	0
504	0
6	1
874	4493
260	0
50	0
331	0
585	0
0	0
9	0
72	0
45	15
155	0
98	0
12	0
15	0
249	178
25	0
139	0
76	0
29	0
8	15
154	0
0	0
7	0
155	0
257	0
59	0
19	0
56	0
33	0
17	0
65	0
22	0
203	0
2	0
68	154
5	34
29	0
57	0
55	0
523	0
59	0
47	0
143	0
39	10
89	0
2	14
94	0
111	0
85	0
125	0
0	165
7	0
58	0
436	0
25	39
2	2
3	0
46	0
4427	0
22	0
283	0
117	0
84	0
129	0
69	0
96	0
16	0
149	340
15	0
37	0
105	0
139	0
1	10
193	0
23	8
16	0
136	0
47	22
19	0
0	0
64	14
40	0
132	0
45	1
16	20
0	19
3	18
58	26
399	2
26	0
155	0
0	34
29	0
57	0
69	2
45	0
288	0
87	0
15	0
0	138
50	0
84	0
207	0
23	0
79	0
73	4
54	0
9	0
5	0
626	0
350	0
2	40
6265	0
50	0
1	0
41	0
70	0
5	4
55	0
80	0
10	0
54	0
11	0
252	36
72	0
70	0
10	145
34	0
186	0
0	6
194	0
12	0
57	0
563	0
50	0
192	0
3438	0
1171	0
6	0
324	340
36	0
4	0
59	0
56	0
42	0
124	0
104	0
5	9
64	0
30	0
0	5
278	0
352	109
50	0
216	0
48	0
76	0
215	0
142	0
279	0
266	0
62	0
99	0
5	0
52	0
327	198
127	0
593	0
40	0
722	0
35	23
101	0
43	0
14	0
94	0
32	0
195	0
44	0
39	0
140	0
68	0
0	11
56	0
29	0
0	12
19	0
351	0
30	0
64	14
27	0
151	0
130	0
169	0
185	0
105	0
34	0
2	955680
138	174
1	18
91	0
243	0
244	0
5	25
69	0
103	0
331	0
158	0
193	0
27	0
7	0
157	0
813	0
304	0
4	42
71	0
36	0
22	0
15	0
18	0
6	0
308	0
111	0
1665	0
17	0
120	0
0	21
7	0
29	0
4	11
1290	0
117	0
132	0
232	0
85	0
0	0
80	0
66	0
45	0
22	9
110	0
51	0
0	2235
215	0
113	0
175	0
92	0
107	0
95	0
81	0
26	0
47	0
32	0
19	0
107	0
58	0
19	0
0	13
64	0
339	0
42	0
23	0
9	0
158	0
180	0
73	3055
27	0
26	0
40	0
27	0
24	0
3	5
0	10
352	55
3	1
78	0
12	0
76	0
3	13
1704	0
2	49
44	0
0	22
64	0
12	46
11	0
3	8
45	0
44	0
33	0
124	0
64	0
241	0
48	0
32	0
15	0
76	0
46	0
1	0
233	0
117	0
35	0
78	0
99	0
77	904
26	0
5	0
88	0
42	0
11	0
30	13
72	0
44	0
28	0
0	0
42	134
30	0
37	0
182	0
0	0
24	0
84	0
776	4
17	0
15	0
0	0
71	0
133	0
37	46
85	0
71	0
130	0
70	0
63	0
83	0
35	0
57	0
147	0
363	0
162	0
12	0
1	24
7	0
5	0
135	19
154	0
75	0
250	0
90	0
21	0
160	0
60	0
428	0
73	17
24	0
154	10
0	0
92	0
52	0
3	0
178	5
19	0
59	25
3	0
0	0
187	0
139	53
50	0
83	0
213	0
503	0
27	0
57	0
48	0
127	0
55	0
315	0
215	19
80	0
579	0
1	0
7	0
144	0
91	0
44	0
488	0
10	117
29	54
164	0
64	0
0	21
221	0
75	0
177	0
67	38
0	25
70	0
240	0
117	0
35	0
112	0
170	0
72	3156
14	0
129	0
200	3
116	0
132	0
19	207
5	0
24	0
18	0
54	0
101	74
5	0
31	0
223	0
20	0
51	0
4	0
36	0
10	17
60	0
0	18
3	0
27	0
804	0
52	0
123	0
10	0
133	0
8	0
65	5
58	0
60	24
36	0
0	10
141	0
203	0
77	0
64	0
869	0
581	0
157	0
39	0
223	0
320	0
4	0
3565	0
68	0
216	0
0	27
0	13
544	0
42	0
137	3
48	0
220	0
80	0
22	0
14	358
59	41
11	0
19	0
10	0
111	0
183	0
29	0
83	0
261	0
89	0
37	0
222	0
48	0
72	0
83	0
142	0
73	0
36	0
32	0
13	1362
118	0
54	0
86	0
1	0
85	0
111	0
308	0
186	0
75	0
6	0
63	0
125	0
16	5
232	0
55	0
114	0
81	0
540	0
1	37
288	0
48	0
93	0
24	0
48	0
80	0
1810	0
34	0
146	0
237	276
2	35
29	0
13	43
361	0
0	62
70	0
44	0
13	0
26	0
305	0
19	0
30	7
181	0
126	0
8	2665
1	0
44	0
584	0
50	0
38	0
40	0
15	0
0	10
38	0
149	0
123	0
60	220
87	0
4	12
143	634
0	18
138	0
104	0
60	0
0	7
78	0
104	0
553	0
19	359
64	0
22	0
38	0
17	1
190	0
148	0
64	0
213	0
332	0
186	0
62	0
269	0
59	0
22	0
26	0
29	0
33	0
104	0
11	0
0	6
323	0
2	0
0	164
81	0
0	0
83	0
66	0
8	34
22	9
19	0
23	0
390	0
168	2
85	0
13	0
223	0
571	0
0	0
31	0
70	0
30	0
0	231
15	0
23	0
88	0
165	0
20	0
288	0
35	0
13	0
2005	0
10	0
60	0
3949	12041
59	12
108	0
3	3
80	0
1068	0
18	0
134	0
48	0
11	0
131	0
61	0
93	0
104	0
1	0
59	0
145	0
13	0
104	0
73	0
17	0
39	0
7	0
427	0
0	1
14	15
35	0
175	0
15	0
1	4
3641	0
25	0
14	6
33	0
68	0
34	0
107	85
58	0
66	0
63	0
94	0
0	0
108	0
193	0
81	0
23	0
216	0
374	0
45	0
54	0
2	4
45	0
72	0
79	0
307	0
126	0
37	0
112	0
735	0
4	21
350	0
58	21
13	0
281	0
60	0
63	0
26	0
84	0
0	0
0	10
2198	0
20	0
166	0
215	0
23	0
65	0
28	0
168	0
69	995
145	0
229	0
31	28
368	0
261	0
15	9
53	0
3	0
40	0
188	0
14	0
54	0
38	0
58	0
314	0
188	0
22	0
29	0
16	0
21	0
366	0
189	0
129	0
376	0
22	0
2	0
33	10
126	0
107	0
30	0
237	0
1882	396
0	1
1	0
98	0
11	0
42	0
22	0
59	0
51	0
41	0
26	0
0	12
54	0
60	0
61	0
118	8
20	0
324	0
0	0
88	0
135	0
1	0
36	0
300	0
17	0
142	0
25	0
15	0
27	0
95	0
1	1
318	0
241	0
15	0
32	0
0	15
19	0
536	0
43	0
43	14
239	5
29	0
2	0
93	0
46	0
14	0
23	0
247	0
0	30
134	0
55	0
24	0
64	3
0	0
10	9
1	8
61	0
22	0
26	0
56	0
33	0
50	0
486	0
363	0
176	0
55	0
65	0
23	10
100	1
74	0
126	0
14	0
2	0
13	0
39	0
210	0
40	0
48	0
19	0
24	0
73	0
11	13
0	3
108	0
60	0
0	0
67	0
9	10
374	0
19	0
3	0
26	14
146	0
167	0
135	0
184	0
34	0
87	0
158	0
30	0
183	0
19	0
150	10
340	0
22	0
56	0
601	0
360	0
4	0
134	0
460	0
115	0
33	0
5	0
126	54
30	0
214	0
286	11
170	0
2	0
30	0
56	0
16	24
1076	0
0	0
116	0
3	0
308	0
47	0
290	0
27	66
33	0
90	0
294	62
0	17
99	7
16	0
68	484
32	0
346	29
31	0
19	0
11	17
67	0
69	0
12	0
112	28
0	72
105	0
88	0
55	92
190	0
8	1
120	0
162	128
109	0
111	0
271	0
111	0
24	0
0	4
173	0
92	0
0	0
148	0
357	23
61	0
47	0
744	0
189	0
125	0
158	251
40	0
49	0
23	0
763	0
6	2
139	0
76	0
178	0
95	0
15	0
108	0
1	19
131	0
16	0
1021	0
0	7
91	0
131	0
21	0
97	0
38	0
68	0
1	0
90	0
88	0
19	0
115	0
1	0
97	0
9	0
99	0
15	16
54	0
722	0
26	0
1	25
151	0
192	0
42	0
121	0
0	8
205	0
155	27
45	46
102	0
235	199
5	273
47	8
41	0
86	18
0	7
2	43
10	0
259	0
3	0
36	0
324	0
69	0
68	0
34	0
30	0
206	0
3	20
154	0
494	0
152	0
340	0
131	0
57	0
2	20
42	20
137	0
21	0
112	0
178	0
88	0
47	0
65	8
182	0
82	0
371	0
569	0
229	0
5	20
0	2
91	0
7	0
82	0
565	1
41	0
444	0
257	0
68	0
123	0
43	0
182	0
213	0
29	163
13	4
16	5
78	0
9	32
17	0
6	0
0	8
67	0
32	0
7	0
0	9
20	0
0	0
439	0
146	0
42	0
388	0
28	0
331	0
46	0
123	0
119	0
171	0
0	0
100	0
8	0
385	0
67	0
0	13
0	0
2	2
243	0
60	0
214	0
42	0
353	0
242	0
42	20
52	0
96	0
18	0
68	0
29	0
138	0
90	0
134	0
100	0
477	0
195	0
0	793
198	0
86	0
32	8
0	0
112	0
27	0
0	2
92	0
70	0
95	0
120	1187
49	0
23	0
88	10
62	0
352	0
34	0
214	0
2	0
3	7
795	0
205	0
53	0
0	21
600	0
26	0
182	0
8	0
8	23
6	0
8	0
150	0
1	0
32	0
11	0
285	0
245	0
330	16097
103	0
0	33
2	3
239	0
130	0
5	0
162	0
39	0
57	0
0	18
50	0
53	0
127	0
94	0
40	0
56	0
81	8
251	0
0	1
16	4
40	0
0	0
27	0
0	656
43	0
69	0
113	0
8	26
112	0
3	1
41	0
22	10
206	0
136	0
95	0
31	0
63	0
58	0
0	5
65	0
383	0
474	0
20	0
36	0
0	6
194	0
4	0
465	0
6	0
348	0
54	0
527	0
124	0
94	0
29	0
16	20
3	40
5	0
122	0
321	0
182	0
0	0
91	0
36	38
48	0
73	0
7	0
37	1
238	0
35	0
0	0
87	0
1	0
32	0
124	3720
55	0
13	157
15	205
132	0
279	0
17	0
23	0
54	0
44	0
128	21
238	0
32	0
847	0
94	0
40	0
90	0
116	0
18	0
2144	2176
29	0
620	0
0	2
15	0
0	3
14	2
7	5
34	0
232	0
0	3481
31	0
2	9
58	0
69	0
7	0
108	0
74	0
612	0
302	0
5	0
82	0
77	0
29	0
203	0
158	0
53	2
23	39
0	0
209	0
341	0
44	0
5	117
0	8
38	0
50	0
257	0
61	0
41	0
501	0
40	0
40	0
0	54
37	0
56	0
13	0
152	0
85	0
804	0
0	13
25	0
45	0
63	0
78	0
57	0
98	0
6	0
409	0
60	0
74	0
4	0
458	0
0	1
52	0
0	0
152	0
171	0
53	0
115	89
65	0
0	44
110	0
17	3
74	0
12	0
96	0
118	2
85	0
80	0
6	2
38	0
66	0
33	0
54	0
103	0
938	0
1003	0
0	945
1	0
62	0
395	0
1	38
3	0
23	0
99	0
97	0
25	0
48	0
85	0
26	0
47	18
8	0
35	0
103	4
183	0
0	4
1052	0
20	0
90	0
5	0
84	0
62	0
98	0
137	0
19	0
140	0
38	0
522	0
6	0
56	0
2	5
9	0
0	0
188	18
101	0
111	0
2	0
25	0
20	0
0	3
7	0
36	0
393	0
71	0
57	0
3	0
147	50
82	634
60	54
40	0
36	0
379	0
121	178
0	2
39	14
3	0
212	0
40	3
194	0
28	0
289	0
5	0
114	50
21	14
38	0
1517	4
16	0
33	0
276	0
61	0
223	640
17	0
232	0
128	0
38	0
282	0
606	113
52	0
38	0
0	1139
0	18
208	1
22	59
79	0
91	0
50	0
185	0
72	0
29	0
3	0
103	0
119	0
2	29
43	0
14	74
0	0
4	0
198	0
43	0
239	0
480	0
3	0
1451	0
120	0
134	0
18	4
293	0
109	0
138	0
7	0
199	1
18	0
172	0
41	0
518	0
246	0
2	0
199	0
0	0
9	0
10	0
344	0
221	0
17	0
145	0
87	0
284	0
151	0
31	0
26	0
53	0
110	0
118	0
116	0
278	13
49	0
96	0
17	0
30	0
120	0
40	0
183	0
107	0
49	282
34	0
6	48
92	0
63	0
16	10
204	0
63	0
676	0
57	0
2	2
6	23
68	0
58	0
629	0
189	0
130	0
28	0
0	0
5	5
157	0
70	0
124	0
2	2
104	0
38	0
38	0
774	0
42	0
0	811
0	0
706	0
7	0
19	0
30	0
120	0
11	0
80	0
172	0
73	0
63	0
272	0
71	0
51	15
60	11
31	0
43	0
36	0
4	0
16	0
132	0
15	0
21	0
1313	0
359	27
248	0
272	0
5	0
88	0
55	0
25	0
62	0
94	0
103	0
221	0
122	0
57	0
4540	2061
90	0
102	0
85	0
2	0
2	0
75	0
19	0
47	0
25	0
131	0
70	0
21	0
482	72
45	0
164	0
552	0
60	0
79	0
11	61
3	0
90	0
3	0
1	0
1015	0
7	178
44	0
154	0
34	0
5	0
82	0
50	0
160	0
78	0
0	4
49	0
24	20
15	0
40	0
2	94
5	0
43	0
37	0
4	0
1769	0
46	0
87	0
198	0
528	0
22	0
34	0
147	56
3	40
449	0
93	0
102	0
0	110
178	0
489	0
31	0
0	8
60	0
11	11
13	0
193	0
2	1
58	0
301	0
92	14
0	1
41	0
124	0
271	0
41	0
2	7
57	0
66	0
1047	88
130	0
35	0
30	0
4	0
37	0
517	0
3	0
688	0
7	2
89	0
282	0
28	0
0	16
237	0
79	0
1	9
103	0
62	0
130	0
165	0
14	0
69	0
3	8
0	0
295	0
682	0
42	0
101	0
19	10
185	0
68	0
243	0
1513	220
206	0
40	2
39	0
25	27
84	0
359	0
174	46
33	0
31	0
41	0
5	17
1	7
7	0
31	0
24	0
135	0
259	2
65	0
153	0
64	0
54	0
222	0
152	0
0	37
83	0
6	20
117	4
49	0
4	17
2	2940
49	0
227	0
5	5
99	0
23	0
72	465
83	0
2	0
131	0
3	35
248	0
2	2
113	0
70	0
66	0
0	53
59	0
129	0
134	0
11	0
5	30
182	0
10	0
0	5
163	0
8	0
51	0
65	0
47	54
205	134
227	0
30	13
10	0
38	0
0	7
6	0
11	0
29	0
0	0
0	2
4	0
288	0
189	0
317	0
4	43
63	0
33	0
825	0
175	0
0	22
19	0
75	0
21	0
137	0
87	0
46	0
35	0
6	17
60	0
173	112
45	0
90	0
52	0
129	0
154	0
32	0
27	0
24	0
110	0
87	0
123	0
59	0
10	0
77	0
85	0
0	67
2	0
33	0
47	0
66	0
52	0
1145	0
41	0
72	0
234	0
0	0
122	0
0	87
759	15
35	0
23	0
27	0
21	0
68	0
62	0
6	0
5	29
30	0
46	0
0	1
120	0
11	12
47	24
108	0
40	0
101	0
40	0
109	0
184	0
0	17
0	5
13	0
292	0
39	0
54	0
1	0
309	23
46	0
12	0
7	18
33	0
176	199
221	7
2	64
4	0
0	0
208	0
728	80704
23	5
32	64
21	13
9	14
55	0
32	0
125	0
17	0
227	0
54	50
25	0
0	20
537	0
174	13
27	0
99	0
1	0
120	0
40	0
35	0
46	34
26	0
417	0
19	0
88	0
259	0
371	0
52	0
308	0
164	0
250	49
46	0
95	0
126	0
70	0
25	70
127	0
56	31
57	0
93	0
82	0
249	0
60	0
60	0
244	0
1563	145
86	9
55	0
147	0
2	0
75	0
48	0
193	0
192	0
74	0
291	24
31	23
131	0
84	0
139	0
31	0
622	0
385	396
113	0
33	0
99	0
21	0
27	6
71	0
76	0
62	0
84	0
49	0
348	0
100	0
0	33
22	0
4	39
42	0
74	0
242	0
363	0
17	1
128	0
39	0
43	0
28	6
28	10
97	0
21	50
40	0
185	0
159	0
7	0
149	0
70	0
17	0
246	0
5	0
51	0
65	0
45	0
481	77
129	0
0	0
666	0
118	0
0	38
96	0
390	0
61	0
55	0
55	0
1170	0
1	0
226	0
1	0
24	0
725	0
129	0
324	0
7	0
41	0
31	0
40	0
4	0
24	28
81	0
234	0
303	0
4	23
54	0
16	167
199	0
166	0
233	84
86	0
0	3
94	0
0	3
4	0
44	0
40	4
105	0
11	0
18	0
97	0
13	0
312	0
72	1362
100	0
844	0
23	47
352	103
14	0
28	0
18	0
14	17
211	0
23	0
25	0
50	0
67	0
62	0
64	0
314	0
374	0
5	0
132	0
28	0
218	39
63	0
0	0
269	0
263	0
137	0
7	11
130	0
523	0
125	0
10	49
79	0
78	0
11	0
70	0
0	0
59	0
24	0
0	7
63	0
4380	4493
9	0
281	0
75	6
61	25
18	0
0	11
92	0
9	17
109	0
87	0
52	0
109	0
1074	0
899	0
2	0
88	0
76	0
293	0
105	0
18	0
44	0
136	0
88	0
155	0
0	38
351	0
27	0
12	15
57	0
283	0
6	26886
47	88
0	286
299	0
125	0
558	0
34	12
24	0
213	0
71	0
46	0
1	0
54	0
52	0
261	0
35	29
37	0
371	18
0	1
106	8
2	10
0	426
53	0
1188	213
21	0
104	0
82	0
47	0
202	0
51	0
43	0
42	0
4	0
76	0
431	0
292	0
64	0
180	17
78	0
0	5
76	0
363	0
18	0
128	0
19	21
9	0
0	4512
81	0
70	0
2	6
9	9
112	175
58	0
63	0
252	0
197	0
58	0
175	8
0	3483
5	20
17	15
101	0
128	0
54	0
62	2
135	0
42	0
7	0
4	2
4	10
25	0
55	0
202	0
1385	0
28	0
8	0
34	0
144	0
8	0
96	0
0	60296
54	0
0	0
1	5
132	15
15	0
12	0
6	13
22	0
9	0
83	0
219	2
0	864
308	0
2354	558
210	0
1327	8000
198	0
224	0
59	0
12	1
51	0
0	18
23	0
491	0
9	0
61	0
230	0
14	0
23	0
80	0
8	21
58	0
51	0
262	0
50	0
1	0
91	0
311	135
185	0
53	0
44	0
3	0
2	38
80	0
152	0
2838	0
118	44
5	8
80	0
126	0
10	0
95	0
443	0
18	0
44	0
5	0
27	0
141	0
116	0
106	0
28	0
47	0
535	0
33	0
272	0
33	0
9	0
143	0
1	41
64	0
43	0
137	0
28	0
57	0
53	0
17	0
58	0
0	0
735	0
47	0
57	0
283	54
50	0
4	0
120	56
1	20
0	0
157	0
246	0
442	0
430	0
100	0
50	0
101	0
43	0
5	0
0	5
0	2
90	0
5	7
149	0
116	0
37	0
523	0
68	0
525	0
11	0
51	15
47	0
41	0
12	35
52	0
54	0
0	15
2	0
20	9
16	6
254	0
10	0
32	0
96	0
96	0
125	0
5	17
0	1
24	0
31	2
15	0
2416	0
205	0
0	4
2	18
78	0
72	0
40	0
102	0
3	17
123	0
23	114
23	0
42	46
161	0
12	0
136	0
1170	0
7	71
6	0
38	0
22	6
47	0
9	0
10	0
43	0
115	0
166	0
146	0
67	23
136	0
108	0
124	0
0	9
29	847
55	0
7	0
0	0
121	0
23	0
39	0
450	0
67	0
180	0
9	75
266	0
50	0
1	0
61	0
33	0
15	0
213	0
94	0
131	0
5	0
325	0
356	0
8	14
76	0
86	0
23	0
0	0
5	0
182	14
59	0
139	0
52	0
1	14
46	0
50	0
237	0
23	0
123	0
6	0
102	0
33	0
9	5
28	0
126	10
76	0
110	1
1	3
134	0
66	0
148	0
74	13
34	0
1	0
192	0
4	22
1244	0
0	0
152	0
136	0
226	0
3103	0
5	38
109	2
107	0
4	0
169	0
3	9
5	45
0	12
137	293
42	0
202	11
386	0
84	0
17	0
116	0
2489	10
32	0
163	0
0	30
50	0
52	0
286	0
340	0
190	0
185	0
52	0
97	0
116	0
82	0
105	0
80	0
180	0
37	23
25	0
160	0
12	0
58	0
112	0
114	4
237	0
40	0
18	0
150	0
112	0
5	26
10	2800
43	0
69	0
80	0
86	0
22	0
64	0
352	0
3	135
31	0
62	0
311	0
85	16
1	0
410	0
72	0
1125	0
20	0
49	0
65	0
48	0
445	90
3	0
190	0
8	515
387	0
367	0
57	0
1	2822
159	0
108	0
24	0
97	0
62	0
175	0
41	0
0	1
6	6
45	0
16	0
887	0
32	0
10	0
49	33
95	0
51	27
0	26
16	0
32	16
2	145
130	0
5	94
15	0
7	21
24	0
47	0
26	0
5	0
374	0
11	0
947	0
132	0
33	10
92	0
2	0
1137	0
80	0
45	6
358	0
95	0
2	5
56	0
246	0
4	9
298	0
158	0
74	24
1	0
192	0
2	0
15	0
22	0
119	0
14	22
172	5
136	0
88	0
45	0
75	0
62	0
1	0
2	16
41	0
64	0
89	35
182	0
412	0
352	0
95	0
37	0
88	0
79	0
180	0
11	0
53	0
99	0
61	5
72	33
2170	0
24	0
31	0
53	0
39	0
68	0
26	0
43	0
34	0
23	0
0	4
13	166
143	0
1740	0
7	0
135	0
110	0
65	1
29	0
52	0
46	0
126	0
11	0
110	0
15	6
141	0
11	0
896	323
139	0
42	0
77	105
74	0
7421	0
82	0
293	0
617	0
136	0
202	0
1	137
207	0
45	13
35	0
80	0
8	0
29	0
902	0
230	0
122	0
17	10
326	0
19	78
12	0
1	114
0	15
61	0
14	0
42	0
31	0
0	8
126	0
3	0
79	0
25	1
34	0
43	0
198	0
25	11
1	12
143	0
17	0
524	0
200	0
11	0
18	1
45	0
0	10
238	0
287	0
11	10
19	0
5	0
147	0
43	0
76	0
13	28
0	18
13	0
89	0
1	0
90	0
0	0
111	11
135	0
149	1504
41	8
50	0
24	0
573	0
103	0
23	0
35	0
8081	8000
36	0
409	0
40	0
39	0
3	0
59	0
37	0
59	0
174	0
123	128
312	0
184	22
1	4
197	43
285	3
40	0
152	0
208	0
164	0
12	0
18	9
165	0
588	0
0	109
3	0
136	9
57	23
50	0
183	0
82	0
78	0
530	0
0	0
412	2225
3	0
3	0
3	19
29	0
206	0
4	0
273	68
10	10
86	0
84	0
159	0
388	0
62	0
0	0
0	0
0	0
755	0
37	0
26	15
144	0
56	0
0	13
39	0
74	23
435	0
253	0
2	6
47	0
223	0
0	165
42	0
7	0
135	2
42	0
0	3
14	4
233	0
160	0
31	0
148	0
20	1
50	7
41	0
45	0
81	0
19	0
43	0
33	0
0	8
72	0
7	21
21	8
25	0
60	0
10	1
3	0
192	0
8	0
92	0
194	0
58	0
234	0
36	0
383	0
49	0
4663	8965
27	0
70	0
216	0
37	0
20	0
1	11
90	12
0	0
2	18
90	0
5	0
56	0
0	0
82	0
54	0
2	0
360	0
18	0
595	0
34	214
53	0
54	0
4	15
2	0
42	6
2	0
121	0
67	0
41	0
1	39
13	0
64	251
75	103
962	463
1	18
50	0
13	27
162	0
18	46
20	0
606	0
41	0
21	0
447	0
62	0
130	523
0	0
57	11
127	0
75	1
22	0
503	0
48	0
65	0
38	4
203	0
39	0
16	0
290	0
95	0
39	0
112	0
37	0
1	243
36	39
1070	0
0	9
45	0
4	0
1350	0
41	0
488	0
18	0
58	0
70	0
34	0
151	0
30	0
56	224
4	4
6	13
19	0
24	26
120	0
54	0
44	0
49	0
0	10
7	13
55	0
0	110
74	0
54	0
16	0
82	2
144	0
2	4
406	358
140	0
0	8
1	0
426	0
4	0
16	0
63	0
0	24
4	25
16	0
23	0
266	0
299	0
55	0
588	0
17203	0
170	128
279	0
131	0
212	0
296	0
109	0
40	0
0	0
0	4
26	0
16	26
53	0
33	72
38	12
138	0
19	0
26	0
24	0
43	0
69	0
7	14
7	776
36	66
150	0
723	0
292	0
72	0
200	0
107	0
64	0
22	0
195	0
1	0
168	0
109	0
28	0
65	0
61	0
94	0
6	11
69	0
9	0
36	0
38	175
55	0
31	0
9	75
19	3
457	0
41	0
14	0
35	24
317	0
171	0
111	0
72	0
64	0
51	0
1	0
30	0
118	0
80	0
111	0
14	0
134	0
236	0
16	0
126	0
18	0
1191	0
29	10
124	0
106	0
97	0
273	0
25	0
61	0
33	0
678	0
97	0
22	0
25	0
4	0
107	0
0	0
24	0
147	0
50	0
16	0
318	0
172	0
3	0
162	0
26	0
53	0
161	0
4	28
25	0
27	0
57	0
66	0
57	71
29	0
125	0
176	0
165	0
5	0
37	0
141	0
66	0
47	0
28	13
72	0
92	0
10	0
0	1
0	9
32	0
0	30
336	0
26	0
57	0
42	0
134	0
217	0
112	0
105	0
40	0
170	0
1	11
95	2
0	0
70	0
245	0
59	0
447	0
61	0
144	0
119	0
100	0
56	0
49	0
1	0
44	0
113	4
6	69
52	0
45	0
3	3
13	12
1	4
375	0
115	0
2	0
274	0
95	0
56	0
14	0
90	0
172	44
60	0
1	0
67	116
55	0
0	0
32	0
11	1
161	237
180	0
7	0
2	3187
4	0
44	12
53	0
0	8
28	0
11	0
23	0
253	9
37	0
26	0
213	0
176	0
13	0
88	0
81	0
105	0
71	0
47	90
86	0
60	0
694	0
0	3615
14	39
121	0
1	0
274	0
57	0
138	0
90	0
100	118
403	0
148	0
0	3
40	0
21	0
293	1491
5	3
140	0
1872	0
44	0
54	0
7	0
239	0
78	0
23	0
75	0
89	0
4	0
127	0
426	0
17	1399
145	0
11	9
118	28
0	0
118	0
70	0
126	20
27	0
13	0
89	0
45	0
0	2924
62	0
104	0
69	0
0	9
25	0
17	425
3	0
225	0
45	0
0	7
76	0
51	0
654	0
5	0
1	0
22	0
12	1
180	0
218	0
38	0
1	0
72	28
54	0
70	0
203	0
93	0
3	0
124	277
56	0
36	0
28	0
69	0
19	0
30	0
45	0
23	0
43	0
110	0
40	0
158	0
1	0
97	0
0	2
585	156
109	0
13	0
316	5
62	0
35	3
86	0
95	201
10	0
230	0
118	0
105	0
115	0
457	25
40	0
86	0
21	0
60	0
22	0
57	0
8	11
54	0
13	0
92	0
248	0
438	35
3	4
9	0
105	0
27	0
19	71
31	8
114	0
1	0
95	0
21	0
141	23
82	0
34	17
20	0
127	0
36	0
163	0
75	0
205	0
110	57
1	0
36	0
53	0
515	1
174	0
186	0
47	0
29	27
1	0
46	9
43	9
1	0
116	0
1282	0
298	0
275	0
393	0
202	0
24	0
108	6
86	0
18	0
72	0
128	0
73	0
241	0
61	0
89	2
30	94
939	0
49	0
325	0
0	34773
22	14
19	48
6	1
68	0
1414	0
249	0
66	0
41	0
136	13
112	0
66	0
22	3
114	0
82	0
0	0
0	10
0	34
94	0
0	25
0	0
10	0
1	8
51	0
43	72
0	12
3	2
160	0
9	0
0	0
0	807
2915	0
12841	0
56	0
130	0
25	807
7	0
5320	0
0	1747898
94762	0
0	2691
5484	0
0	3022252
0	108440
3418	280
149	4878783
0	2691
108170	0
3	0
3	0
5	0
0	0
0	5
1	0
1	0
3	0
2	0
0	0
0	4
8	2
0	0
9	0
0	4
5	1
2	1
0	1
0	0
1	0
0	0
1	0
0	3
0	0
9	0
0	0
2	0
1	4
0	0
0	8
1	0
0	1
0	0
0	1
0	0
0	2
0	0
0	0
0	2
0	0
1	0
1	0
1	0
2	0
0	5
0	0
0	0
0	5
0	1
0	0
0	0
0	8
0	0
10	0
0	0
1	0
0	0
0	0
0	0
0	0
1	0
2	0
1	0
0	4
1	0
0	0
0	0
1	0
2	0
0	0
0	0
0	0
0	0
0	0
1	0
0	5
0	0
0	0
2	0
0	1
0	0
5	50
3	0
35	33
0	26
6	0
18	0
50	137
0	0
384	0
1135	0
27	0
0	17
189	8
4	0
50	26
4	11
598	0
0	0
85	0
31	0
947	0
480	2142
187	0
8	0
69	0
0	0
328	0
54	0
5	0
2651	0
128	0
21	2235
193	0
431	0
3	0
1141	0
1	1
1129	0
300	0
2771	0
28	0
588	0
3	0
15	0
0	0
3099	2142
1026	0
387	0
2763	0
8	0
158	0
318	0
13	0
52	0
1	0
9	0
79	0
170	0
89	0
3	0
460	0
228	0
737	0
4	0
2114	0
1	0
3	0
91	0
528	0
2	0
42	0
412	0
840	0
3	0
1	0
848	0
23	0
215	0
7	0
215	0
24	0
13	0
171	0
91	0
160	0
5	0
1004	0
16	0
1	0
17	0
0	0
143	0
1419	0
